0; 0.00000000
1; 32383.14611286
2; 28070.54087253
3; 23998.40497463
4; 20473.35837408
5; 17657.66670180
6; 15540.97792799
7; 14003.19221378
8; 12896.54107848
9; 12094.19338685
10; 11502.93767085
11; 11058.67460035
12; 10718.23656844
13; 10452.49451848
14; 10241.54009773
15; 10071.53020164
16; 9932.65863976
17; 9817.85002764
18; 9721.90929322
19; 9640.95930115
20; 9572.06265410
21; 9512.96296171
22; 9461.90486375
23; 9417.50682972
24; 9378.66990187
25; 9344.51129948
26; 9314.31547482
27; 9287.49759028
28; 9263.57595280
29; 9242.15098704
30; 9222.88903687
31; 9205.50977067
32; 9189.77630386
33; 9175.48738945
34; 9162.47119674
35; 9150.58031970
36; 9139.68774525
37; 9129.68357597
38; 9120.47235049
39; 9111.97084000
0; 0.00000000
1; 32383.14611286
2; 9354.87504121
3; 9129.95158901
4; 9072.94107938
5; 9043.89982230
6; 9025.00542524
7; 9010.72054392
8; 8998.79638409
9; 8988.17074396
10; 8978.28983727
11; 8968.84434830
12; 8959.65268645
13; 8950.60421968
14; 8941.62958548
15; 8932.68425543
16; 8923.73902335
17; 8914.77430573
18; 8905.77663204
19; 8896.73643648
20; 8887.64664436
21; 8878.50175437
22; 8869.29723560
23; 8860.02912722
24; 8850.69377016
25; 8841.28762554
26; 8831.80715069
27; 8822.24871359
28; 8812.60853331
29; 8802.88263796
30; 8793.06683476
31; 8783.15668828
32; 8773.14750459
33; 8763.03431932
34; 8752.81188862
35; 8742.47468213
36; 8732.01687736
0; 0.00000000
1; 32383.14611286
2; 17729.93770693
3; 17729.93340043
4; 17729.92845617
5; 17729.92272206
6; 17729.91599388
7; 17729.90799091
0; 0.00000000
1; 32383.14611286
2; 10114.71312833
3; 13294.47009699
4; 10000.00000000
5; 10000.00000000
6; 10000.00000000
7; 10000.00000000
8; 10000.00000000
9; 10000.00000000
10; 10000.00000000
11; 10000.00000000
12; 10000.00000000
13; 10000.00000000
14; 10000.00000000
15; 10000.00000000
16; 10000.00000000
17; 10000.00000000
18; 10000.00000000
19; 10000.00000000
20; 10000.00000000
21; 10000.00000000
22; 10000.00000000
0; 0.00000000
1; 32383.14611286
2; 9841.43187269
3; 9833.55284700
4; 9786.03200295
5; 9769.81910876
6; 9754.52507092
7; 9737.35346475
8; 9719.37677902
9; 9702.37682687
10; 9730.07938010
11; 9647.63282011
12; 9735.74918844
13; 9539.99853883
14; 9448.84092087
15; 9390.05021400
16; 9789.25933872
17; 9533.68719809
18; 10267.32690305
19; 10273.24203049
20; 9997.13681688
21; 9997.07485561
22; 9997.00981918
23; 9996.94146683
24; 9996.86953190
25; 9996.79371833
26; 9996.71369640
27; 9996.62909795
28; 9996.53951053
29; 9996.44447064
30; 9996.34345558
0; 0.00000000
1; 32383.14611286
2; 9354.87504121
3; 9129.95158901
4; 9072.94107938
5; 9043.89982230
6; 9025.00542524
7; 9010.72054392
8; 8998.79638409
9; 8988.17074396
10; 8978.28983727
11; 8968.84434830
12; 8959.65268645
13; 8950.60421968
14; 8941.62958548
15; 8932.68425543
16; 8923.73902335
17; 8914.77430573
18; 8905.77663204
19; 8896.73643648
20; 8887.64664436
21; 8878.50175437
22; 8869.29723560
23; 8860.02912722
24; 8850.69377016
25; 8841.28762554
26; 8831.80715069
27; 8822.24871359
28; 8812.60853331
29; 8802.88263796
30; 8793.06683476
31; 8783.15668828
32; 8773.14750459
33; 8763.03431932
34; 8752.81188862
35; 8742.47468213
36; 8732.01687736
37; 8721.43235528
38; 8710.71469651
39; 8699.85717834
40; 8688.85277223
41; 8677.69414181
42; 8666.37364151
43; 8654.88331575
44; 8643.21489883
45; 8631.35981579
46; 8619.30918422
47; 8607.05381738
48; 8594.58422870
49; 8581.89063791
50; 8568.96297869
51; 8555.79090797
52; 8542.36381623
53; 8528.67083849
54; 8514.70086485
55; 8500.44254947
56; 8485.88431658
57; 8471.01436226
58; 8455.82065114
59; 8440.29090817
60; 8424.41260737
61; 8408.17296128
62; 8391.55891743
63; 8374.55717058
64; 8357.15420100
65; 8339.33635003
66; 8321.08994341
67; 8302.40147002
68; 8283.25781831
69; 8263.64656361
70; 8243.55628747
71; 8222.97689654
72; 8201.89989980
73; 8180.31860685
74; 8158.22823358
75; 8135.62594196
76; 8112.51088077
77; 8088.88430731
78; 8064.74983305
79; 8040.11375442
80; 8014.98534309
81; 7989.37693860
82; 7963.30374496
83; 7936.78335467
84; 7909.83512769
85; 7882.47957517
86; 7854.73784914
87; 7826.63138185
88; 7798.18169248
89; 7769.41036590
90; 7740.33917173
91; 7710.99023142
92; 7681.38609458
93; 7651.54959220
94; 7621.50339817
95; 7591.26932939
96; 7560.86751412
97; 7530.31562213
98; 7499.62835213
99; 7468.81730248
100; 7437.89123750
101; 7406.85665506
102; 7375.71850444
103; 7344.48090838
104; 7313.14778776
105; 7281.72334159
106; 7250.21237809
107; 7218.62051807
108; 7186.95430118
109; 7155.22122495
110; 7123.42974019
111; 7091.58921837
112; 7059.70989868
113; 7027.80281729
114; 6995.87971781
115; 6963.95294207
116; 6932.03530188
117; 6900.13993532
118; 6868.28015396
119; 6836.46928914
120; 6804.72054539
121; 6773.04686779
122; 6741.46082736
123; 6709.97452575
124; 6678.59951802
125; 6647.34675066
126; 6616.22651118
127; 6585.24838621
128; 6554.42122579
129; 6523.75311280
130; 6493.25133789
131; 6462.92238107
132; 6432.77190160
133; 6402.80473758
134; 6373.02491634
135; 6343.43567548
136; 6314.03949398
137; 6284.83813165
138; 6255.83267509
139; 6227.02358799
140; 6198.41076407
141; 6169.99358083
142; 6141.77095309
143; 6113.74138558
144; 6085.90302380
145; 6058.25370302
146; 6030.79099496
147; 6003.51225209
148; 5976.41464909
149; 5949.49522157
150; 5922.75090166
151; 5896.17855049
152; 5869.77498752
153; 5843.53701683
154; 5817.46145037
155; 5791.54512851
156; 5765.78493802
157; 5740.17782778
158; 5714.72082241
159; 5689.41103423
160; 5664.24567356
161; 5639.22205774
162; 5614.33761896
163; 5589.58991107
164; 5564.97661544
165; 5540.49554605
166; 5516.14465375
167; 5491.92202986
168; 5467.82590908
169; 5443.85467170
170; 5420.00684518
171; 5396.28110504
172; 5372.67627505
173; 5349.19132667
174; 5325.82537781
175; 5302.57769063
176; 5279.44766871
177; 5256.43485329
178; 5233.53891876
179; 5210.75966741
180; 5188.09702353
181; 5165.55102697
182; 5143.12182628
183; 5120.80967152
184; 5098.61490699
185; 5076.53796389
186; 5054.57935297
187; 5032.73965739
188; 5011.01952569
189; 4989.41966492
190; 4967.94083392
191; 4946.58383672
192; 4925.34951596
193; 4904.23874643
194; 4883.25242847
195; 4862.39148143
196; 4841.65683696
197; 4821.04943237
198; 4800.57020384
199; 4780.22007966
200; 4759.99997351
201; 4739.91077787
202; 4719.95335756
203; 4700.12854355
204; 4680.43712707
205; 4660.87985410
206; 4641.45742036
207; 4622.17046670
208; 4603.01957516
209; 4584.00526546
210; 4565.12799224
211; 4546.38814274
212; 4527.78603516
213; 4509.32191753
214; 4490.99596717
215; 4472.80829057
216; 4454.75892372
217; 4436.84783295
218; 4419.07491598
219; 4401.44000335
220; 4383.94286016
221; 4366.58318796
222; 4349.36062686
223; 4332.27475787
224; 4315.32510528
225; 4298.51113928
226; 4281.83227857
227; 4265.28789315
228; 4248.87730714
229; 4232.59980167
230; 4216.45461778
231; 4200.44095938
232; 4184.55799617
233; 4168.80486657
234; 4153.18068055
235; 4137.68452248
236; 4122.31545376
237; 4107.07251549
238; 4091.95473089
239; 4076.96110763
240; 4062.09064004
241; 4047.34231111
242; 4032.71509434
243; 4018.20795547
244; 4003.81985400
245; 3989.54974460
246; 3975.39657835
247; 3961.35930382
248; 3947.43686810
249; 3933.62821766
250; 3919.93229909
251; 3906.34805980
252; 3892.87444861
253; 3879.51041625
254; 3866.25491586
255; 3853.10690334
256; 3840.06533778
257; 3827.12918171
258; 3814.29740147
259; 3801.56896742
260; 3788.94285421
261; 3776.41804102
262; 3763.99351177
263; 3751.66825531
264; 3739.44126562
265; 3727.31154203
266; 3715.27808937
267; 3703.33991812
268; 3691.49604465
269; 3679.74549134
270; 3668.08728672
271; 3656.52046568
272; 3645.04406961
273; 3633.65714654
274; 3622.35875130
275; 3611.14794568
276; 3600.02379861
277; 3588.98538626
278; 3578.03179226
279; 3567.16210782
280; 3556.37543194
281; 3545.67087152
282; 3535.04754159
283; 3524.50456545
284; 3514.04107483
285; 3503.65621014
286; 3493.34912053
287; 3483.11896418
288; 3472.96490838
289; 3462.88612973
290; 3452.88181430
291; 3442.95115776
292; 3433.09336552
293; 3423.30765285
294; 3413.59324501
295; 3403.94937731
296; 3394.37529521
297; 3384.87025436
298; 3375.43352065
299; 3366.06437023
300; 3356.76208951
301; 3347.52597512
302; 3338.35533389
303; 3329.24948279
304; 3320.20774881
305; 3311.22946893
306; 3302.31398994
307; 3293.46066832
308; 3284.66887012
309; 3275.93797076
310; 3267.26735488
311; 3258.65641612
312; 3250.10455697
313; 3241.61118854
314; 3233.17573034
315; 3224.79761009
316; 3216.47626352
317; 3208.21113411
318; 3200.00167291
319; 3191.84733834
320; 3183.74759595
321; 3175.70191827
322; 3167.70978458
323; 3159.77068074
324; 3151.88409902
325; 3144.04953795
326; 3136.26650212
327; 3128.53450211
328; 3120.85305429
329; 3113.22168075
330; 3105.63990914
331; 3098.10727264
332; 3090.62330979
333; 3083.18756448
334; 3075.79958585
335; 3068.45892821
336; 3061.16515102
337; 3053.91781884
338; 3046.71650126
339; 3039.56077287
340; 3032.45021328
341; 3025.38440701
342; 3018.36294353
343; 3011.38541720
344; 3004.45142727
345; 2997.56057786
346; 2990.71247790
347; 2983.90674116
348; 2977.14298618
349; 2970.42083629
350; 2963.73991954
351; 2957.09986871
352; 2950.50032122
353; 2943.94091918
354; 2937.42130926
355; 2930.94114272
356; 2924.50007530
357; 2918.09776725
358; 2911.73388321
359; 2905.40809217
360; 2899.12006745
361; 2892.86948659
362; 2886.65603131
363; 2880.47938744
364; 2874.33924487
365; 2868.23529745
366; 2862.16724290
367; 2856.13478281
368; 2850.13762250
369; 2844.17547095
370; 2838.24804075
371; 2832.35504799
372; 2826.49621220
373; 2820.67125627
374; 2814.87990638
375; 2809.12189186
376; 2803.39694522
377; 2797.70480196
378; 2792.04520056
379; 2786.41788239
380; 2780.82259163
381; 2775.25907519
382; 2769.72708263
383; 2764.22636613
384; 2758.75668036
385; 2753.31778245
386; 2747.90943193
387; 2742.53139062
388; 2737.18342262
389; 2731.86529422
390; 2726.57677383
391; 2721.31763194
392; 2716.08764108
393; 2710.88657571
394; 2705.71421225
395; 2700.57032894
396; 2695.45470586
397; 2690.36712488
398; 2685.30736955
399; 2680.27522515
400; 2675.27047858
401; 2670.29291835
402; 2665.34233455
403; 2660.41851881
404; 2655.52126425
405; 2650.65036547
406; 2645.80561853
407; 2640.98682087
408; 2636.19377136
409; 2631.42627022
410; 2626.68411902
411; 2621.96712065
412; 2617.27507930
413; 2612.60780046
414; 2607.96509089
415; 2603.34675858
416; 2598.75261279
417; 2594.18246399
418; 2589.63612387
419; 2585.11340533
420; 2580.61412247
421; 2576.13809057
422; 2571.68512611
423; 2567.25504674
424; 2562.84767128
425; 2558.46281973
426; 2554.10031325
427; 2549.75997421
428; 2545.44162609
429; 2541.14509360
430; 2536.87020260
431; 2532.61678013
432; 2528.38465442
433; 2524.17365491
434; 2519.98361219
435; 2515.81435812
436; 2511.66572571
437; 2507.53754924
438; 2503.42966420
439; 2499.34190732
440; 2495.27411657
441; 2491.22613120
442; 2487.19779173
443; 2483.18893993
444; 2479.19941889
445; 2475.22907297
446; 2471.27774786
447; 2467.34529056
448; 2463.43154938
449; 2459.53637397
450; 2455.65961531
451; 2451.80112573
452; 2447.96075890
453; 2444.13836985
454; 2440.33381495
455; 2436.54695194
456; 2432.77763991
457; 2429.02573930
458; 2425.29111192
459; 2421.57362093
460; 2417.87313082
461; 2414.18950746
462; 2410.52261804
463; 2406.87233110
464; 2403.23851649
465; 2399.62104539
466; 2396.01979031
467; 2392.43462505
468; 2388.86542470
469; 2385.31206564
470; 2381.77442554
471; 2378.25238332
472; 2374.74581915
473; 2371.25461447
474; 2367.77865191
475; 2364.31781535
476; 2360.87198987
477; 2357.44106175
478; 2354.02491846
479; 2350.62344862
480; 2347.23654205
481; 2343.86408969
482; 2340.50598365
483; 2337.16211714
484; 2333.83238451
485; 2330.51668123
486; 2327.21490386
487; 2323.92695005
488; 2320.65271853
489; 2317.39210911
490; 2314.14502268
491; 2310.91136115
492; 2307.69102752
493; 2304.48392580
494; 2301.28996104
495; 2298.10903933
496; 2294.94106777
497; 2291.78595444
498; 2288.64360847
499; 2285.51393995
500; 2282.39685996
501; 2279.29228058
502; 2276.20011482
503; 2273.12027670
504; 2270.05268116
505; 2266.99724409
506; 2263.95388233
507; 2260.92251363
508; 2257.90305667
509; 2254.89543103
510; 2251.89955720
511; 2248.91535655
512; 2245.94275132
513; 2242.98166462
514; 2240.03202044
515; 2237.09374358
516; 2234.16675968
517; 2231.25099520
518; 2228.34637742
519; 2225.45283440
520; 2222.57029497
521; 2219.69868875
522; 2216.83794609
523; 2213.98799810
524; 2211.14877658
525; 2208.32021408
526; 2205.50224383
527; 2202.69479972
528; 2199.89781634
529; 2197.11122890
530; 2194.33497327
531; 2191.56898595
532; 2188.81320401
533; 2186.06756516
534; 2183.33200767
535; 2180.60647037
536; 2177.89089267
537; 2175.18521450
538; 2172.48937633
539; 2169.80331915
540; 2167.12698446
541; 2164.46031425
542; 2161.80325101
543; 2159.15573770
544; 2156.51771774
545; 2153.88913502
546; 2151.26993389
547; 2148.66005914
548; 2146.05945599
549; 2143.46807011
550; 2140.88584757
551; 2138.31273491
552; 2135.74867905
553; 2133.19362734
554; 2130.64752755
555; 2128.11032784
556; 2125.58197681
557; 2123.06242344
558; 2120.55161714
559; 2118.04950769
560; 2115.55604533
561; 2113.07118066
562; 2110.59486471
563; 2108.12704892
564; 2105.66768512
565; 2103.21672558
566; 2100.77412296
567; 2098.33983033
568; 2095.91380121
569; 2093.49598951
570; 2091.08634957
571; 2088.68483615
572; 2086.29140445
573; 2083.90601007
574; 2081.52860907
575; 2079.15915793
576; 2076.79761356
577; 2074.44393332
578; 2072.09807499
579; 2069.75999682
580; 2067.42965748
581; 2065.10701608
582; 2062.79203220
583; 2060.48466583
584; 2058.18487744
585; 2055.89262794
586; 2053.60787867
587; 2051.33059143
588; 2049.06072846
589; 2046.79825247
590; 2044.54312657
591; 2042.29531436
592; 2040.05477986
593; 2037.82148751
594; 2035.59540223
595; 2033.37648933
596; 2031.16471459
597; 2028.96004418
598; 2026.76244472
599; 2024.57188323
600; 2022.38832715
601; 2020.21174433
602; 2018.04210302
603; 2015.87937185
604; 2013.72351987
605; 2011.57451649
606; 2009.43233148
607; 2007.29693502
608; 2005.16829760
609; 2003.04639010
610; 2000.93118370
611; 1998.82264996
612; 1996.72076072
613; 1994.62548815
614; 1992.53680472
615; 1990.45468320
616; 1988.37909663
617; 1986.31001832
618; 1984.24742186
619; 1982.19128105
620; 1980.14156997
621; 1978.09826291
622; 1976.06133436
623; 1974.03075903
624; 1972.00651183
625; 1969.98856783
626; 1967.97690230
627; 1965.97149065
628; 1963.97230843
629; 1961.97933135
630; 1959.99253525
631; 1958.01189607
632; 1956.03738988
633; 1954.06899282
634; 1952.10668116
635; 1950.15043122
636; 1948.20021940
637; 1946.25602219
638; 1944.31781610
639; 1942.38557772
640; 1940.45928368
641; 1938.53891064
642; 1936.62443531
643; 1934.71583440
644; 1932.81308467
645; 1930.91616289
646; 1929.02504585
647; 1927.13971036
648; 1925.26013322
649; 1923.38629125
650; 1921.51816128
651; 1919.65572014
652; 1917.79894467
653; 1915.94781172
654; 1914.10229812
655; 1912.26238074
656; 1910.42803642
657; 1908.59924204
658; 1906.77597446
659; 1904.95821057
660; 1903.14592727
661; 1901.33910146
662; 1899.53771008
663; 1897.74173006
664; 1895.95113838
665; 1894.16591205
666; 1892.38602808
667; 1890.61146354
668; 1888.84219552
669; 1887.07820117
670; 1885.31945767
671; 1883.56594225
672; 1881.81763220
673; 1880.07450486
674; 1878.33653763
675; 1876.60370799
676; 1874.87599347
677; 1873.15337168
678; 1871.43582031
679; 1869.72331713
680; 1868.01583999
681; 1866.31336685
682; 1864.61587573
683; 1862.92334477
684; 1861.23575221
685; 1859.55307638
686; 1857.87529573
687; 1856.20238881
688; 1854.53433431
689; 1852.87111099
690; 1851.21269778
691; 1849.55907371
692; 1847.91021793
693; 1846.26610973
694; 1844.62672853
695; 1842.99205388
696; 1841.36206547
697; 1839.73674312
698; 1838.11606680
699; 1836.50001662
700; 1834.88857283
701; 1833.28171583
702; 1831.67942617
703; 1830.08168453
704; 1828.48847176
705; 1826.89976886
706; 1825.31555696
707; 1823.73581736
708; 1822.16053152
709; 1820.58968104
710; 1819.02324768
711; 1817.46121335
712; 1815.90356011
713; 1814.35027020
714; 1812.80132598
715; 1811.25670998
716; 1809.71640490
717; 1808.18039356
718; 1806.64865897
719; 1805.12118427
720; 1803.59795274
721; 1802.07894785
722; 1800.56415319
723; 1799.05355250
724; 1797.54712967
725; 1796.04486875
726; 1794.54675393
727; 1793.05276952
728; 1791.56290001
729; 1790.07713000
730; 1788.59544424
731; 1787.11782762
732; 1785.64426516
733; 1784.17474201
734; 1782.70924346
735; 1781.24775492
736; 1779.79026193
737; 1778.33675015
738; 1776.88720537
739; 1775.44161350
740; 1773.99996054
741; 1772.56223265
742; 1771.12841606
743; 1769.69849713
744; 1768.27246232
745; 1766.85029821
746; 1765.43199144
747; 1764.01752880
748; 1762.60689714
749; 1761.20008340
750; 1759.79707464
751; 1758.39785798
752; 1757.00242063
753; 1755.61074988
754; 1754.22283311
755; 1752.83865775
756; 1751.45821133
757; 1750.08148143
758; 1748.70845570
759; 1747.33912186
760; 1745.97346769
761; 1744.61148101
762; 1743.25314973
763; 1741.89846177
764; 1740.54740512
765; 1739.19996783
766; 1737.85613798
767; 1736.51590368
768; 1735.17925310
769; 1733.84617444
770; 1732.51665592
771; 1731.19068582
772; 1729.86825242
773; 1728.54934404
774; 1727.23394903
775; 1725.92205575
776; 1724.61365260
777; 1723.30872798
778; 1722.00727031
779; 1720.70926803
780; 1719.41470961
781; 1718.12358349
782; 1716.83587816
783; 1715.55158210
784; 1714.27068379
785; 1712.99317175
786; 1711.71903446
787; 1710.44826044
788; 1709.18083820
789; 1707.91675623
790; 1706.65600306
791; 1705.39856719
792; 1704.14443714
793; 1702.89360141
794; 1701.64604851
795; 1700.40176694
796; 1699.16074520
797; 1697.92297178
798; 1696.68843519
799; 1695.45712391
800; 1694.22902643
801; 1693.00413122
802; 1691.78242676
803; 1690.56390152
804; 1689.34854397
805; 1688.13634257
806; 1686.92728579
807; 1685.72136207
808; 1684.51855987
809; 1683.31886763
810; 1682.12227380
811; 1680.92876682
812; 1679.73833514
813; 1678.55096718
814; 1677.36665140
815; 1676.18537621
816; 1675.00713006
817; 1673.83190139
818; 1672.65967863
819; 1671.49045022
820; 1670.32420460
821; 1669.16093022
822; 1668.00061551
823; 1666.84324894
824; 1665.68881896
825; 1664.53731403
826; 1663.38872262
827; 1662.24303320
828; 1661.10023425
829; 1659.96031427
830; 1658.82326175
831; 1657.68906521
832; 1656.55771316
833; 1655.42919414
834; 1654.30349669
835; 1653.18060936
836; 1652.06052072
837; 1650.94321936
838; 1649.82869388
839; 1648.71693288
840; 1647.60792501
841; 1646.50165890
842; 1645.39812322
843; 1644.29730665
844; 1643.19919789
845; 1642.10378567
846; 1641.01105872
847; 1639.92100581
848; 1638.83361572
849; 1637.74887725
850; 1636.66677923
851; 1635.58731052
852; 1634.51045998
853; 1633.43621652
854; 1632.36456906
855; 1631.29550654
856; 1630.22901795
857; 1629.16509227
858; 1628.10371855
859; 1627.04488582
860; 1625.98858319
861; 1624.93479975
862; 1623.88352465
863; 1622.83474705
864; 1621.78845615
865; 1620.74464118
866; 1619.70329139
867; 1618.66439608
868; 1617.62794457
869; 1616.59392619
870; 1615.56233035
871; 1614.53314644
872; 1613.50636393
873; 1612.48197228
874; 1611.45996100
875; 1610.44031966
876; 1609.42303781
877; 1608.40810508
878; 1607.39551111
879; 1606.38524559
880; 1605.37729822
881; 1604.37165876
882; 1603.36831700
883; 1602.36726275
884; 1601.36848587
885; 1600.37197624
886; 1599.37772381
887; 1598.38571852
888; 1597.39595039
889; 1596.40840943
890; 1595.42308573
891; 1594.43996940
892; 1593.45905057
893; 1592.48031943
894; 1591.50376619
895; 1590.52938112
896; 1589.55715449
897; 1588.58707666
898; 1587.61913797
899; 1586.65332883
900; 1585.68963969
901; 1584.72806102
902; 1583.76858335
903; 1582.81119721
904; 1581.85589322
905; 1580.90266199
906; 1579.95149419
907; 1579.00238054
908; 1578.05531176
909; 1577.11027865
910; 1576.16727202
911; 1575.22628273
912; 1574.28730168
913; 1573.35031979
914; 1572.41532804
915; 1571.48231744
916; 1570.55127903
917; 1569.62220390
918; 1568.69508317
919; 1567.76990800
920; 1566.84666960
921; 1565.92535919
922; 1565.00596806
923; 1564.08848751
924; 1563.17290890
925; 1562.25922361
926; 1561.34742307
927; 1560.43749875
928; 1559.52944215
929; 1558.62324479
930; 1557.71889828
931; 1556.81639421
932; 1555.91572423
933; 1555.01688005
934; 1554.11985339
935; 1553.22463600
936; 1552.33121971
937; 1551.43959633
938; 1550.54975775
939; 1549.66169589
940; 1548.77540269
941; 1547.89087015
942; 1547.00809028
943; 1546.12705515
944; 1545.24775687
945; 1544.37018756
946; 1543.49433939
947; 1542.62020459
948; 1541.74777538
949; 1540.87704407
950; 1540.00800295
951; 1539.14064440
952; 1538.27496080
953; 1537.41094457
954; 1536.54858819
955; 1535.68788416
956; 1534.82882500
957; 1533.97140330
958; 1533.11561165
959; 1532.26144271
960; 1531.40888915
961; 1530.55794369
962; 1529.70859908
963; 1528.86084810
964; 1528.01468358
965; 1527.17009837
966; 1526.32708537
967; 1525.48563749
968; 1524.64574771
969; 1523.80740902
970; 1522.97061445
971; 1522.13535707
972; 1521.30162999
973; 1520.46942632
974; 1519.63873926
975; 1518.80956199
976; 1517.98188777
977; 1517.15570986
978; 1516.33102157
979; 1515.50781625
980; 1514.68608727
981; 1513.86582804
982; 1513.04703201
983; 1512.22969265
984; 1511.41380347
985; 1510.59935803
986; 1509.78634989
987; 1508.97477268
988; 1508.16462003
989; 1507.35588564
990; 1506.54856320
991; 1505.74264647
992; 1504.93812922
993; 1504.13500528
994; 1503.33326847
995; 1502.53291269
996; 1501.73393185
997; 1500.93631989
998; 1500.14007078
999; 1499.34517854
1000; 1498.55163721
1001; 1497.75944087
1002; 1496.96858362
1003; 1496.17905961
1004; 1495.39086301
1005; 1494.60398803
1006; 1493.81842890
1007; 1493.03417991
1008; 1492.25123534
1009; 1491.46958955
1010; 1490.68923689
1011; 1489.91017177
1012; 1489.13238862
1013; 1488.35588192
1014; 1487.58064615
1015; 1486.80667585
1016; 1486.03396559
1017; 1485.26250995
1018; 1484.49230357
1019; 1483.72334110
1020; 1482.95561725
1021; 1482.18912673
1022; 1481.42386430
1023; 1480.65982475
1024; 1479.89700290
1025; 1479.13539361
1026; 1478.37499177
1027; 1477.61579229
1028; 1476.85779012
1029; 1476.10098026
1030; 1475.34535771
1031; 1474.59091752
1032; 1473.83765478
1033; 1473.08556460
1034; 1472.33464213
1035; 1471.58488255
1036; 1470.83628106
1037; 1470.08883292
1038; 1469.34253340
1039; 1468.59737781
1040; 1467.85336149
1041; 1467.11047982
1042; 1466.36872821
1043; 1465.62810210
1044; 1464.88859697
1045; 1464.15020832
1046; 1463.41293169
1047; 1462.67676266
1048; 1461.94169683
1049; 1461.20772985
1050; 1460.47485739
1051; 1459.74307516
1052; 1459.01237889
1053; 1458.28276436
1054; 1457.55422738
1055; 1456.82676379
1056; 1456.10036946
1057; 1455.37504030
1058; 1454.65077226
1059; 1453.92756130
1060; 1453.20540344
1061; 1452.48429473
1062; 1451.76423123
1063; 1451.04520906
1064; 1450.32722437
1065; 1449.61027333
1066; 1448.89435216
1067; 1448.17945710
1068; 1447.46558443
1069; 1446.75273047
1070; 1446.04089158
1071; 1445.33006412
1072; 1444.62024452
1073; 1443.91142923
1074; 1443.20361474
1075; 1442.49679757
1076; 1441.79097427
1077; 1441.08614143
1078; 1440.38229567
1079; 1439.67943365
1080; 1438.97755206
1081; 1438.27664763
1082; 1437.57671711
1083; 1436.87775730
1084; 1436.17976502
1085; 1435.48273714
1086; 1434.78667055
1087; 1434.09156219
1088; 1433.39740900
1089; 1432.70420800
1090; 1432.01195621
1091; 1431.32065070
1092; 1430.63028856
1093; 1429.94086693
1094; 1429.25238296
1095; 1428.56483386
1096; 1427.87821687
1097; 1427.19252923
1098; 1426.50776825
1099; 1425.82393127
1100; 1425.14101563
1101; 1424.45901875
1102; 1423.77793803
1103; 1423.09777095
1104; 1422.41851499
1105; 1421.74016769
1106; 1421.06272658
1107; 1420.38618926
1108; 1419.71055335
1109; 1419.03581649
1110; 1418.36197636
1111; 1417.68903068
1112; 1417.01697718
1113; 1416.34581363
1114; 1415.67553784
1115; 1415.00614762
1116; 1414.33764085
1117; 1413.67001540
1118; 1413.00326919
1119; 1412.33740018
1120; 1411.67240632
1121; 1411.00828562
1122; 1410.34503611
1123; 1409.68265584
1124; 1409.02114290
1125; 1408.36049538
1126; 1407.70071143
1127; 1407.04178920
1128; 1406.38372688
1129; 1405.72652268
1130; 1405.07017483
1131; 1404.41468159
1132; 1403.76004124
1133; 1403.10625208
1134; 1402.45331244
1135; 1401.80122067
1136; 1401.14997515
1137; 1400.49957427
1138; 1399.85001643
1139; 1399.20130009
1140; 1398.55342368
1141; 1397.90638568
1142; 1397.26018460
1143; 1396.61481894
1144; 1395.97028723
1145; 1395.32658802
1146; 1394.68371988
1147; 1394.04168139
1148; 1393.40047114
1149; 1392.76008776
1150; 1392.12052987
1151; 1391.48179612
1152; 1390.84388517
1153; 1390.20679568
1154; 1389.57052636
1155; 1388.93507588
1156; 1388.30044298
1157; 1387.66662636
1158; 1387.03362477
1159; 1386.40143695
1160; 1385.77006165
1161; 1385.13949765
1162; 1384.50974370
1163; 1383.88079861
1164; 1383.25266116
1165; 1382.62533016
1166; 1381.99880440
1167; 1381.37308270
1168; 1380.74816389
1169; 1380.12404678
1170; 1379.50073023
1171; 1378.87821305
1172; 1378.25649409
1173; 1377.63557221
1174; 1377.01544624
1175; 1376.39611506
1176; 1375.77757750
1177; 1375.15983243
1178; 1374.54287871
1179; 1373.92671522
1180; 1373.31134080
1181; 1372.69675433
1182; 1372.08295467
1183; 1371.46994070
1184; 1370.85771128
1185; 1370.24626527
1186; 1369.63560155
1187; 1369.02571898
1188; 1368.41661642
1189; 1367.80829274
1190; 1367.20074679
1191; 1366.59397745
1192; 1365.98798356
1193; 1365.38276398
1194; 1364.77831757
1195; 1364.17464316
1196; 1363.57173962
1197; 1362.96960577
1198; 1362.36824047
1199; 1361.76764254
1200; 1361.16781082
1201; 1360.56874414
1202; 1359.97044131
1203; 1359.37290116
1204; 1358.77612251
1205; 1358.18010416
1206; 1357.58484492
1207; 1356.99034360
1208; 1356.39659898
1209; 1355.80360986
1210; 1355.21137502
1211; 1354.61989326
1212; 1354.02916334
1213; 1353.43918404
1214; 1352.84995412
1215; 1352.26147235
1216; 1351.67373748
1217; 1351.08674827
1218; 1350.50050345
1219; 1349.91500178
1220; 1349.33024199
1221; 1348.74622281
1222; 1348.16294297
1223; 1347.58040119
1224; 1346.99859619
1225; 1346.41752668
1226; 1345.83719137
1227; 1345.25758896
1228; 1344.67871816
1229; 1344.10057764
1230; 1343.52316612
1231; 1342.94648227
1232; 1342.37052477
1233; 1341.79529230
1234; 1341.22078354
1235; 1340.64699716
1236; 1340.07393183
1237; 1339.50158620
1238; 1338.92995894
1239; 1338.35904871
1240; 1337.78885415
1241; 1337.21937393
1242; 1336.65060669
1243; 1336.08255107
1244; 1335.51520573
1245; 1334.94856929
1246; 1334.38264040
1247; 1333.81741770
1248; 1333.25289982
1249; 1332.68908540
1250; 1332.12597307
1251; 1331.56356145
1252; 1331.00184919
1253; 1330.44083491
1254; 1329.88051724
1255; 1329.32089480
1256; 1328.76196622
1257; 1328.20373014
1258; 1327.64618518
1259; 1327.08932996
1260; 1326.53316312
1261; 1325.97768329
1262; 1325.42288908
1263; 1324.86877914
1264; 1324.31535210
1265; 1323.76260658
1266; 1323.21054122
1267; 1322.65915465
1268; 1322.10844552
1269; 1321.55841247
1270; 1321.00905412
1271; 1320.46036914
1272; 1319.91235616
1273; 1319.36501383
1274; 1318.81834080
1275; 1318.27233574
1276; 1317.72699728
1277; 1317.18232411
1278; 1316.63831487
1279; 1316.09496824
1280; 1315.55228289
1281; 1315.01025750
1282; 1314.46889074
1283; 1313.92818129
1284; 1313.38812785
1285; 1312.84872911
1286; 1312.30998375
1287; 1311.77189050
1288; 1311.23444804
1289; 1310.69765509
1290; 1310.16151036
1291; 1309.62601259
1292; 1309.09116048
1293; 1308.55695278
1294; 1308.02338822
1295; 1307.49046554
1296; 1306.95818349
1297; 1306.42654082
1298; 1305.89553629
1299; 1305.36516868
1300; 1304.83543673
1301; 1304.30633924
1302; 1303.77787499
1303; 1303.25004276
1304; 1302.72284134
1305; 1302.19626955
1306; 1301.67032618
1307; 1301.14501004
1308; 1300.62031997
1309; 1300.09625477
1310; 1299.57281329
1311; 1299.04999435
1312; 1298.52779681
1313; 1298.00621950
1314; 1297.48526130
1315; 1296.96492106
1316; 1296.44519764
1317; 1295.92608992
1318; 1295.40759678
1319; 1294.88971711
1320; 1294.37244980
1321; 1293.85579374
1322; 1293.33974784
1323; 1292.82431101
1324; 1292.30948216
1325; 1291.79526022
1326; 1291.28164411
1327; 1290.76863275
1328; 1290.25622510
1329; 1289.74442008
1330; 1289.23321665
1331; 1288.72261376
1332; 1288.21261037
1333; 1287.70320543
1334; 1287.19439792
1335; 1286.68618680
1336; 1286.17857106
1337; 1285.67154967
1338; 1285.16512161
1339; 1284.65928588
1340; 1284.15404147
1341; 1283.64938737
1342; 1283.14532258
1343; 1282.64184611
1344; 1282.13895697
1345; 1281.63665416
1346; 1281.13493669
1347; 1280.63380359
1348; 1280.13325387
1349; 1279.63328656
1350; 1279.13390067
1351; 1278.63509524
1352; 1278.13686929
1353; 1277.63922186
1354; 1277.14215197
1355; 1276.64565867
1356; 1276.14974098
1357; 1275.65439795
1358; 1275.15962861
1359; 1274.66543200
1360; 1274.17180717
1361; 1273.67875316
1362; 1273.18626900
1363; 1272.69435375
1364; 1272.20300645
1365; 1271.71222613
1366; 1271.22201185
1367; 1270.73236265
1368; 1270.24327756
1369; 1269.75475565
1370; 1269.26679594
1371; 1268.77939749
1372; 1268.29255933
1373; 1267.80628051
1374; 1267.32056007
1375; 1266.83539705
1376; 1266.35079048
1377; 1265.86673941
1378; 1265.38324287
1379; 1264.90029990
1380; 1264.41790953
1381; 1263.93607079
1382; 1263.45478272
1383; 1262.97404435
1384; 1262.49385469
1385; 1262.01421279
1386; 1261.53511766
1387; 1261.05656832
1388; 1260.57856380
1389; 1260.10110312
1390; 1259.62418528
1391; 1259.14780931
1392; 1258.67197422
1393; 1258.19667901
1394; 1257.72192270
1395; 1257.24770429
1396; 1256.77402278
1397; 1256.30087717
1398; 1255.82826647
1399; 1255.35618966
1400; 1254.88464575
1401; 1254.41363372
1402; 1253.94315256
1403; 1253.47320127
1404; 1253.00377882
1405; 1252.53488419
1406; 1252.06651637
1407; 1251.59867434
1408; 1251.13135706
1409; 1250.66456351
1410; 1250.19829267
1411; 1249.73254349
1412; 1249.26731495
1413; 1248.80260601
1414; 1248.33841562
1415; 1247.87474276
1416; 1247.41158637
1417; 1246.94894540
1418; 1246.48681882
1419; 1246.02520557
1420; 1245.56410460
1421; 1245.10351485
1422; 1244.64343527
1423; 1244.18386481
1424; 1243.72480239
1425; 1243.26624697
1426; 1242.80819746
1427; 1242.35065282
1428; 1241.89361197
1429; 1241.43707384
1430; 1240.98103736
1431; 1240.52550146
1432; 1240.07046506
1433; 1239.61592708
1434; 1239.16188646
1435; 1238.70834210
1436; 1238.25529294
1437; 1237.80273788
1438; 1237.35067584
1439; 1236.89910573
1440; 1236.44802648
1441; 1235.99743699
1442; 1235.54733617
1443; 1235.09772293
1444; 1234.64859618
1445; 1234.19995482
1446; 1233.75179777
1447; 1233.30412393
1448; 1232.85693219
1449; 1232.41022147
1450; 1231.96399067
1451; 1231.51823867
1452; 1231.07296440
1453; 1230.62816673
1454; 1230.18384458
1455; 1229.73999683
1456; 1229.29662239
1457; 1228.85372015
1458; 1228.41128900
1459; 1227.96932784
1460; 1227.52783556
1461; 1227.08681105
1462; 1226.64625321
1463; 1226.20616093
1464; 1225.76653309
1465; 1225.32736860
1466; 1224.88866633
1467; 1224.45042518
1468; 1224.01264403
1469; 1223.57532178
1470; 1223.13845732
1471; 1222.70204952
1472; 1222.26609728
1473; 1221.83059949
1474; 1221.39555503
1475; 1220.96096279
1476; 1220.52682165
1477; 1220.09313051
1478; 1219.65988824
1479; 1219.22709373
1480; 1218.79474587
1481; 1218.36284355
1482; 1217.93138565
1483; 1217.50037105
1484; 1217.06979864
1485; 1216.63966731
1486; 1216.20997594
1487; 1215.78072342
1488; 1215.35190863
1489; 1214.92353046
1490; 1214.49558780
1491; 1214.06807952
1492; 1213.64100452
1493; 1213.21436169
1494; 1212.78814991
1495; 1212.36236806
1496; 1211.93701504
1497; 1211.51208972
1498; 1211.08759101
1499; 1210.66351779
1500; 1210.23986894
1501; 1209.81664336
1502; 1209.39383993
1503; 1208.97145755
1504; 1208.54949510
1505; 1208.12795148
1506; 1207.70682557
1507; 1207.28611628
1508; 1206.86582248
1509; 1206.44594308
1510; 1206.02647697
1511; 1205.60742304
1512; 1205.18878019
1513; 1204.77054731
1514; 1204.35272330
1515; 1203.93530705
1516; 1203.51829747
1517; 1203.10169346
1518; 1202.68549390
1519; 1202.26969771
1520; 1201.85430378
1521; 1201.43931101
1522; 1201.02471831
1523; 1200.61052459
1524; 1200.19672874
1525; 1199.78332967
1526; 1199.37032629
1527; 1198.95771750
1528; 1198.54550222
1529; 1198.13367935
1530; 1197.72224781
1531; 1197.31120650
1532; 1196.90055433
1533; 1196.49029023
1534; 1196.08041310
1535; 1195.67092187
1536; 1195.26181544
1537; 1194.85309274
1538; 1194.44475268
1539; 1194.03679419
1540; 1193.62921618
1541; 1193.22201759
1542; 1192.81519733
1543; 1192.40875432
1544; 1192.00268750
1545; 1191.59699580
1546; 1191.19167813
1547; 1190.78673343
1548; 1190.38216064
1549; 1189.97795868
1550; 1189.57412649
1551; 1189.17066300
1552; 1188.76756715
1553; 1188.36483788
1554; 1187.96247413
1555; 1187.56047483
1556; 1187.15883894
1557; 1186.75756538
1558; 1186.35665311
1559; 1185.95610108
1560; 1185.55590822
1561; 1185.15607349
1562; 1184.75659584
1563; 1184.35747421
1564; 1183.95870757
1565; 1183.56029487
1566; 1183.16223506
1567; 1182.76452710
1568; 1182.36716994
1569; 1181.97016256
1570; 1181.57350390
1571; 1181.17719294
1572; 1180.78122863
1573; 1180.38560995
1574; 1179.99033586
1575; 1179.59540533
1576; 1179.20081733
1577; 1178.80657083
1578; 1178.41266482
1579; 1178.01909825
1580; 1177.62587012
1581; 1177.23297940
1582; 1176.84042507
1583; 1176.44820611
1584; 1176.05632151
1585; 1175.66477025
1586; 1175.27355133
1587; 1174.88266372
1588; 1174.49210643
1589; 1174.10187844
1590; 1173.71197875
1591; 1173.32240636
1592; 1172.93316027
1593; 1172.54423948
1594; 1172.15564299
1595; 1171.76736980
1596; 1171.37941893
1597; 1170.99178938
1598; 1170.60448017
1599; 1170.21749031
1600; 1169.83081882
1601; 1169.44446471
1602; 1169.05842701
1603; 1168.67270474
1604; 1168.28729693
1605; 1167.90220260
1606; 1167.51742079
1607; 1167.13295054
1608; 1166.74879087
1609; 1166.36494084
1610; 1165.98139948
1611; 1165.59816583
1612; 1165.21523896
1613; 1164.83261791
1614; 1164.45030173
1615; 1164.06828949
1616; 1163.68658024
1617; 1163.30517306
1618; 1162.92406702
1619; 1162.54326118
1620; 1162.16275462
1621; 1161.78254642
1622; 1161.40263568
1623; 1161.02302147
1624; 1160.64370289
1625; 1160.26467904
1626; 1159.88594902
1627; 1159.50751193
1628; 1159.12936689
1629; 1158.75151301
1630; 1158.37394941
1631; 1157.99667521
1632; 1157.61968955
1633; 1157.24299157
1634; 1156.86658039
1635; 1156.49045518
1636; 1156.11461507
1637; 1155.73905923
1638; 1155.36378682
1639; 1154.98879701
1640; 1154.61408897
1641; 1154.23966188
1642; 1153.86551493
1643; 1153.49164732
1644; 1153.11805824
1645; 1152.74474691
1646; 1152.37171252
1647; 1151.99895432
1648; 1151.62647151
1649; 1151.25426334
1650; 1150.88232905
1651; 1150.51066789
1652; 1150.13927910
1653; 1149.76816197
1654; 1149.39731576
1655; 1149.02673974
1656; 1148.65643322
1657; 1148.28639547
1658; 1147.91662582
1659; 1147.54712356
1660; 1147.17788802
1661; 1146.80891854
1662; 1146.44021444
1663; 1146.07177507
1664; 1145.70359979
1665; 1145.33568796
1666; 1144.96803896
1667; 1144.60065217
1668; 1144.23352697
1669; 1143.86666277
1670; 1143.50005898
1671; 1143.13371502
1672; 1142.76763031
1673; 1142.40180429
1674; 1142.03623640
1675; 1141.67092611
1676; 1141.30587288
1677; 1140.94107619
1678; 1140.57653551
1679; 1140.21225034
1680; 1139.84822018
1681; 1139.48444455
1682; 1139.12092297
1683; 1138.75765497
1684; 1138.39464009
1685; 1138.03187789
1686; 1137.66936791
1687; 1137.30710973
1688; 1136.94510292
1689; 1136.58334708
1690; 1136.22184180
1691; 1135.86058668
1692; 1135.49958134
1693; 1135.13882539
1694; 1134.77831848
1695; 1134.41806024
1696; 1134.05805032
1697; 1133.69828838
1698; 1133.33877407
1699; 1132.97950708
1700; 1132.62048708
1701; 1132.26171377
1702; 1131.90318684
1703; 1131.54490598
1704; 1131.18687093
1705; 1130.82908139
1706; 1130.47153709
1707; 1130.11423776
1708; 1129.75718314
1709; 1129.40037298
1710; 1129.04380703
1711; 1128.68748505
1712; 1128.33140680
1713; 1127.97557206
1714; 1127.61998060
1715; 1127.26463221
1716; 1126.90952666
1717; 1126.55466376
1718; 1126.20004330
1719; 1125.84566508
1720; 1125.49152891
1721; 1125.13763461
1722; 1124.78398198
1723; 1124.43057086
1724; 1124.07740106
1725; 1123.72447241
1726; 1123.37178474
1727; 1123.01933789
1728; 1122.66713170
1729; 1122.31516601
1730; 1121.96344067
1731; 1121.61195551
1732; 1121.26071041
1733; 1120.90970520
1734; 1120.55893975
1735; 1120.20841391
1736; 1119.85812754
1737; 1119.50808051
1738; 1119.15827269
1739; 1118.80870394
1740; 1118.45937412
1741; 1118.11028313
1742; 1117.76143081
1743; 1117.41281706
1744; 1117.06444175
1745; 1116.71630475
1746; 1116.36840595
1747; 1116.02074522
1748; 1115.67332246
1749; 1115.32613754
1750; 1114.97919035
1751; 1114.63248078
1752; 1114.28600872
1753; 1113.93977406
1754; 1113.59377668
1755; 1113.24801649
1756; 1112.90249337
1757; 1112.55720722
1758; 1112.21215795
1759; 1111.86734544
1760; 1111.52276959
1761; 1111.17843032
1762; 1110.83432752
1763; 1110.49046110
1764; 1110.14683096
1765; 1109.80343701
1766; 1109.46027917
1767; 1109.11735734
1768; 1108.77467143
1769; 1108.43222137
1770; 1108.09000707
1771; 1107.74802845
1772; 1107.40628543
1773; 1107.06477794
1774; 1106.72350590
1775; 1106.38246925
1776; 1106.04166790
1777; 1105.70110180
1778; 1105.36077089
1779; 1105.02067509
1780; 1104.68081436
1781; 1104.34118864
1782; 1104.00179787
1783; 1103.66264201
1784; 1103.32372100
1785; 1102.98503482
1786; 1102.64658341
1787; 1102.30836673
1788; 1101.97038476
1789; 1101.63263747
1790; 1101.29512483
1791; 1100.95784681
1792; 1100.62080340
1793; 1100.28399458
1794; 1099.94742033
1795; 1099.61108066
1796; 1099.27497555
1797; 1098.93910500
1798; 1098.60346902
1799; 1098.26806761
1800; 1097.93290079
1801; 1097.59796856
1802; 1097.26327095
1803; 1096.92880798
1804; 1096.59457968
1805; 1096.26058607
1806; 1095.92682719
1807; 1095.59330308
1808; 1095.26001377
1809; 1094.92695932
1810; 1094.59413978
1811; 1094.26155519
1812; 1093.92920561
1813; 1093.59709111
1814; 1093.26521175
1815; 1092.93356760
1816; 1092.60215872
1817; 1092.27098519
1818; 1091.94004710
1819; 1091.60934451
1820; 1091.27887752
1821; 1090.94864622
1822; 1090.61865068
1823; 1090.28889101
1824; 1089.95936730
1825; 1089.63007966
1826; 1089.30102817
1827; 1088.97221295
1828; 1088.64363409
1829; 1088.31529171
1830; 1087.98718592
1831; 1087.65931683
1832; 1087.33168455
1833; 1087.00428919
1834; 1086.67713087
1835; 1086.35020971
1836; 1086.02352583
1837; 1085.69707934
1838; 1085.37087037
1839; 1085.04489903
1840; 1084.71916545
1841; 1084.39366974
1842; 1084.06841204
1843; 1083.74339245
1844; 1083.41861110
1845; 1083.09406812
1846; 1082.76976361
1847; 1082.44569770
1848; 1082.12187052
1849; 1081.79828216
1850; 1081.47493276
1851; 1081.15182243
1852; 1080.82895127
1853; 1080.50631941
1854; 1080.18392694
1855; 1079.86177399
1856; 1079.53986065
1857; 1079.21818702
1858; 1078.89675321
1859; 1078.57555932
1860; 1078.25460545
1861; 1077.93389168
1862; 1077.61341810
1863; 1077.29318481
1864; 1076.97319189
1865; 1076.65343941
1866; 1076.33392746
1867; 1076.01465611
1868; 1075.69562543
1869; 1075.37683549
1870; 1075.05828634
1871; 1074.73997806
1872; 1074.42191070
1873; 1074.10408430
1874; 1073.78649891
1875; 1073.46915459
1876; 1073.15205136
1877; 1072.83518927
1878; 1072.51856834
1879; 1072.20218860
1880; 1071.88605008
1881; 1071.57015279
1882; 1071.25449674
1883; 1070.93908195
1884; 1070.62390842
1885; 1070.30897615
1886; 1069.99428514
1887; 1069.67983538
1888; 1069.36562685
1889; 1069.05165954
1890; 1068.73793343
1891; 1068.42444850
1892; 1068.11120470
1893; 1067.79820201
1894; 1067.48544038
1895; 1067.17291978
1896; 1066.86064016
1897; 1066.54860146
1898; 1066.23680362
1899; 1065.92524659
1900; 1065.61393030
1901; 1065.30285468
1902; 1064.99201966
1903; 1064.68142516
1904; 1064.37107109
1905; 1064.06095738
1906; 1063.75108393
1907; 1063.44145065
1908; 1063.13205744
1909; 1062.82290419
1910; 1062.51399081
1911; 1062.20531719
1912; 1061.89688320
1913; 1061.58868874
1914; 1061.28073368
1915; 1060.97301790
1916; 1060.66554128
1917; 1060.35830367
1918; 1060.05130495
1919; 1059.74454498
1920; 1059.43802362
1921; 1059.13174071
1922; 1058.82569613
1923; 1058.51988970
1924; 1058.21432129
1925; 1057.90899073
1926; 1057.60389786
1927; 1057.29904251
1928; 1056.99442453
1929; 1056.69004374
1930; 1056.38589997
1931; 1056.08199305
1932; 1055.77832279
1933; 1055.47488902
1934; 1055.17169155
1935; 1054.86873019
1936; 1054.56600476
1937; 1054.26351507
1938; 1053.96126092
1939; 1053.65924212
1940; 1053.35745846
1941; 1053.05590975
1942; 1052.75459578
1943; 1052.45351634
1944; 1052.15267123
1945; 1051.85206023
1946; 1051.55168314
1947; 1051.25153973
1948; 1050.95162979
1949; 1050.65195310
1950; 1050.35250943
1951; 1050.05329856
1952; 1049.75432027
1953; 1049.45557433
1954; 1049.15706049
1955; 1048.85877854
1956; 1048.56072824
1957; 1048.26290935
1958; 1047.96532162
1959; 1047.66796483
1960; 1047.37083872
1961; 1047.07394305
1962; 1046.77727758
1963; 1046.48084205
1964; 1046.18463622
1965; 1045.88865983
1966; 1045.59291263
1967; 1045.29739435
1968; 1045.00210475
1969; 1044.70704356
1970; 1044.41221052
1971; 1044.11760537
1972; 1043.82322783
1973; 1043.52907765
1974; 1043.23515456
1975; 1042.94145827
1976; 1042.64798853
1977; 1042.35474505
1978; 1042.06172757
1979; 1041.76893579
1980; 1041.47636945
1981; 1041.18402825
1982; 1040.89191193
1983; 1040.60002018
1984; 1040.30835274
1985; 1040.01690930
1986; 1039.72568959
1987; 1039.43469330
1988; 1039.14392015
1989; 1038.85336984
1990; 1038.56304207
1991; 1038.27293656
1992; 1037.98305299
1993; 1037.69339107
1994; 1037.40395049
1995; 1037.11473096
1996; 1036.82573216
1997; 1036.53695380
1998; 1036.24839556
1999; 1035.96005713
2000; 1035.67193820
2001; 1035.38403846
2002; 1035.09635759
2003; 1034.80889528
2004; 1034.52165122
2005; 1034.23462508
2006; 1033.94781654
2007; 1033.66122529
2008; 1033.37485099
2009; 1033.08869334
2010; 1032.80275200
2011; 1032.51702664
2012; 1032.23151694
2013; 1031.94622257
2014; 1031.66114320
2015; 1031.37627850
2016; 1031.09162814
2017; 1030.80719177
2018; 1030.52296907
2019; 1030.23895970
2020; 1029.95516333
2021; 1029.67157961
2022; 1029.38820820
2023; 1029.10504877
2024; 1028.82210097
2025; 1028.53936446
2026; 1028.25683889
2027; 1027.97452393
2028; 1027.69241921
2029; 1027.41052441
2030; 1027.12883916
2031; 1026.84736313
2032; 1026.56609596
2033; 1026.28503729
2034; 1026.00418679
2035; 1025.72354408
2036; 1025.44310884
2037; 1025.16288068
2038; 1024.88285927
2039; 1024.60304425
2040; 1024.32343526
2041; 1024.04403194
2042; 1023.76483393
2043; 1023.48584088
2044; 1023.20705243
2045; 1022.92846821
2046; 1022.65008786
2047; 1022.37191103
2048; 1022.09393735
2049; 1021.81616645
2050; 1021.53859798
2051; 1021.26123157
2052; 1020.98406685
2053; 1020.70710347
2054; 1020.43034105
2055; 1020.15377923
2056; 1019.87741764
2057; 1019.60125592
2058; 1019.32529369
2059; 1019.04953060
2060; 1018.77396626
2061; 1018.49860033
2062; 1018.22343241
2063; 1017.94846215
2064; 1017.67368918
2065; 1017.39911313
2066; 1017.12473362
2067; 1016.85055029
2068; 1016.57656276
2069; 1016.30277067
2070; 1016.02917364
2071; 1015.75577131
2072; 1015.48256330
2073; 1015.20954924
2074; 1014.93672876
2075; 1014.66410149
2076; 1014.39166706
2077; 1014.11942509
2078; 1013.84737522
2079; 1013.57551707
2080; 1013.30385027
2081; 1013.03237445
2082; 1012.76108924
2083; 1012.48999426
2084; 1012.21908915
2085; 1011.94837354
2086; 1011.67784704
2087; 1011.40750931
2088; 1011.13735995
2089; 1010.86739860
2090; 1010.59762489
2091; 1010.32803846
2092; 1010.05863892
2093; 1009.78942592
2094; 1009.52039908
2095; 1009.25155803
2096; 1008.98290240
2097; 1008.71443183
2098; 1008.44614594
2099; 1008.17804438
2100; 1007.91012677
2101; 1007.64239274
2102; 1007.37484193
2103; 1007.10747397
2104; 1006.84028850
2105; 1006.57328514
2106; 1006.30646355
2107; 1006.03982334
2108; 1005.77336416
2109; 1005.50708565
2110; 1005.24098744
2111; 1004.97506916
2112; 1004.70933046
2113; 1004.44377098
2114; 1004.17839035
2115; 1003.91318822
2116; 1003.64816423
2117; 1003.38331801
2118; 1003.11864920
2119; 1002.85415746
2120; 1002.58984243
2121; 1002.32570374
2122; 1002.06174104
2123; 1001.79795398
2124; 1001.53434221
2125; 1001.27090536
2126; 1001.00764310
2127; 1000.74455506
2128; 1000.48164089
2129; 1000.21890025
2130; 999.95633279
2131; 999.69393815
2132; 999.43171599
2133; 999.16966596
2134; 998.90778772
2135; 998.64608092
2136; 998.38454522
2137; 998.12318027
2138; 997.86198573
2139; 997.60096125
2140; 997.34010651
2141; 997.07942115
0; 0.00000000
1; 10317.44378800
